<?xml version="1.0" encoding="UTF-8"?>
<Configuration status="WARN">
	<Properties>
		<Property name="patternfull">
			%d{yyyy-MM-dd HH:mm:ss.SSS} [%t] %-5level %logger{5} - %msg%n
		</Property>
		<Property name="patternshort">
			%d{HH:mm:ss.SSS} [%t] %-5level %logger{1} - %msg%n
		</Property>
	</Properties>

	<Appenders>
		<Console name="Console" target="SYSTEM_OUT">
			<PatternLayout pattern="${patternshort}" />
		</Console>
		<File name="TxtFile" fileName="log/by.tolkun.ellipse.log" bufferedIO="true">
			<PatternLayout pattern="${patternfull}" />
		</File>
	</Appenders>

	<Loggers>
		<Logger name="by.tolkun.ellipse" level="debug"
			additivity="true">
			<!--<AppenderRef ref="Console" />-->
			<AppenderRef ref="TxtFile" />
		</Logger>

		<!-- Root Logger -->
		<Root level="all">
			<!--<AppenderRef ref="Console" />-->
		</Root>
	</Loggers>

</Configuration>